cardiac_period,diastolic_time,dias_w_25,dias_w_75,sum_w_33,sum_w_75,ratio_10,SDNN,PRVTi,TINN,LF,HF,a1,a2,target_sbp,target_dbp,record_id
61.29399585921325,43.43271221532091,23.023809523809526,8.649068322981366,29.955486542443065,15.346790890269151,2.5115067201844057,39.1308236987221,3.104761904761905,0.0,0.04018891983441337,0.03935038887459661,0.6157048809083295,0.6102003635792421,132.525403521168,72.43815394976451,uci_cell0000_win00
63.20021528525296,45.36167922497309,23.890204520990313,8.81270182992465,30.314316469321852,15.496232508073197,2.6663081534488433,34.69128685356503,3.3617021276595747,0.0,0.02124333676925405,0.014116037780894087,0.6784058873633626,0.705710163128822,129.47964708122225,70.0961843459757,uci_cell0001_win00
63.66918918918919,45.65189189189189,24.335135135135136,8.544864864864865,30.045405405405404,15.290810810810811,2.6376630895624795,24.391847916519133,2.6732954545454546,0.0,0.007844891027348932,0.027127420915077163,0.500470948956819,0.5198980140957153,129.36741146566087,71.789729978167,uci_cell0003_win00
68.41887226697354,50.026467203682394,23.71691599539701,8.829689298043728,30.1921749136939,15.566168009205985,2.8084490635167203,41.42886318287032,3.269662921348315,0.0,0.05823431958340363,0.04410385091862227,0.5983612525866104,0.6505367538302766,133.95082042503068,69.65096700859867,uci_cell0004_win00
68.44316877152698,50.05281285878301,27.59012629161883,9.272101033295064,31.97244546498278,16.191733639494835,2.847100610538329,24.222543773836136,3.5755102040816324,0.0,0.009747134970107645,0.014787326265155446,0.73992939573601,0.5943292729492005,143.7053560927744,70.70751530631256,uci_cell0006_win00
66.9851598173516,47.96689497716895,26.939497716894977,9.210045662100457,32.93150684931507,16.438356164383563,2.6741239028622275,49.824962753412386,3.8119658119658117,0.0,0.03586306886628195,0.03209258607242856,0.7301529341380688,0.5815935813692208,129.87255266329666,68.60999404450816,uci_cell0015_win00
68.7228637413395,49.5554272517321,26.983833718244803,9.30715935334873,32.87528868360277,16.48729792147806,2.712541147205174,40.55762632843978,4.046511627906977,0.0,0.026986907874542772,0.022270937993605317,0.7658617022424871,0.6767157561706764,129.74955682917087,68.89570260093397,uci_cell0016_win00
79.90533333333333,59.36,27.94,9.453333333333333,33.849333333333334,17.030666666666665,2.951118420903717,5.662061895048915,1.6793721973094171,0.0,0.005133499921210654,0.016160041778974187,0.36157089052000513,0.6325192097102983,135.42291434333418,59.92494128092652,uci_cell0024_win00
79.6622340425532,59.589095744680854,27.507978723404257,9.11968085106383,32.98936170212766,16.425531914893618,3.0573840424722643,5.9818217226074575,1.9481865284974094,0.0,0.0022411993949243672,0.00902168612759824,0.4046979919729745,0.7867113848478968,126.76706944980035,57.45496351282183,uci_cell0035_win00
79.26719576719577,59.31613756613756,27.023809523809526,8.923280423280424,32.404761904761905,16.152116402116402,3.0915211934351436,6.192490254254461,2.007978723404255,0.0,0.015854456715325888,0.05719755733084838,0.43801127412348295,1.0039444583682076,120.98044637033743,56.65147272580198,uci_cell0036_win00
79.04623513870541,59.221928665785995,26.039630118890358,8.590488771466314,31.618229854689563,15.706737120211361,3.119727713908811,12.070716878961798,2.0767123287671234,0.0,0.00672092425125011,0.013178712232008888,0.6822227885997345,0.7052031578573578,115.06415610131225,55.523045004926246,uci_cell0039_win00
79.29933774834437,59.384105960264904,26.12317880794702,8.58543046357616,31.69933774834437,15.729801324503311,3.115948670017402,7.093401298519377,2.2076023391812867,39.0625,0.009230506026992385,0.015992908246162715,0.5476141227816124,0.9363997805432455,112.06753898436584,54.62147349136845,uci_cell0040_win00
79.43766578249337,59.3368700265252,27.137931034482758,8.606100795755967,32.13129973474801,15.803713527851459,3.076979438038211,10.255986408085866,2.42443729903537,0.0,0.015325620314852531,0.02526847067776515,0.4935718804076242,0.7890576003134219,116.60860498847038,56.1055305867667,uci_cell0041_win00
79.84779706275033,59.62883845126836,26.692923898531376,8.59279038718291,32.04272363150868,15.773030707610147,3.068134743208268,16.832734760031048,2.542372881355932,0.0,0.008961545735164538,0.01964184379354099,0.7623294743229836,0.7315824032004958,114.06903258404574,55.517668483542174,uci_cell0046_win00
66.51555555555555,45.14111111111111,32.797777777777775,12.517777777777777,42.745555555555555,20.77888888888889,2.2126704158352393,9.791474098564777,2.3195876288659796,0.0,0.0002842608395872924,0.0009345516790495591,0.17830660736235354,0.2171073092767351,105.62063679279595,57.101736480445865,uci_cell0066_win00
66.4694783573807,46.54495005549389,26.44839067702553,8.522752497225305,33.70366259711432,15.688124306326305,2.462070087980277,5.623342420460722,2.0833333333333335,0.0,0.0006528836594010963,0.0017915106849560741,0.24903903118086418,0.38162790724092555,131.25295836152054,66.6936433867563,uci_cell0067_win00
67.47072072072072,48.108108108108105,28.19481981981982,8.493243243243244,34.45495495495496,15.475225225225225,2.6505686002260758,7.315325563847756,2.1220095693779903,0.0,0.002390932393367154,0.007689027275308074,0.3397919236638692,0.5734068254154208,120.54621468358368,65.86349351163337,uci_cell0073_win00
67.87755102040816,48.53968253968254,28.224489795918366,8.484126984126984,34.39342403628118,15.46031746031746,2.6838326071169187,5.235074382840679,1.6094890510948905,0.0,0.0008246775053413686,0.00193291588850989,0.134459153835547,0.6344066307336951,129.74649623312212,71.50741231301157,uci_cell0079_win00
69.11471610660486,49.761297798377754,31.03476245654693,9.977983777520278,37.869061413673236,17.092699884125146,2.722994804224344,10.326114935765146,2.104368932038835,0.0,0.0008812291032586413,0.005926202726747336,0.110922464867411,0.2264620852150248,108.07038460275506,64.80328847900311,uci_cell0080_win00
77.66579973992198,56.84265279583875,29.892067620286085,10.230169050715215,36.570871261378414,17.881664499349807,2.608258971879348,42.98337824473037,6.533898305084746,0.0,0.002111695018437115,0.002245464151576726,0.647974142137117,1.1532741462841292,162.58022146009512,100.14695753756813,uci_cell0081_win00
77.66579973992198,56.84265279583875,29.892067620286085,10.230169050715215,36.570871261378414,17.881664499349807,2.608258971879348,42.98337824473037,6.533898305084746,0.0,0.002111695018437115,0.002245464151576726,0.647974142137117,1.1532741462841292,162.58032734102298,100.14702275861833,uci_cell0082_win00
100.79763912310287,68.99156829679595,41.507588532883645,14.23946037099494,58.173693086003375,28.863406408094434,2.070581766523744,48.810239205064754,10.589285714285714,0.0,0.0029508949356207375,0.0023269937953922363,0.8113201067324811,1.2490863887399541,140.76516892515264,68.93946042671281,uci_cell0087_win00
98.39309210526316,74.23190789473684,37.4358552631579,12.057565789473685,43.17434210526316,21.223684210526315,2.790210494778794,18.803100190651428,3.4350282485875705,0.0,0.014602904011029922,0.038915905357493015,0.4487654014890105,0.761452101292397,142.24596296717698,62.086976459959004,uci_cell0093_win00
98.38095238095238,74.20689655172414,37.579638752052546,12.060755336617406,43.36124794745484,21.238095238095237,2.7927751993572794,16.002774406124548,3.3043478260869565,0.0,0.0115496645119748,0.03259234354432902,0.480638485510796,0.8335754233339072,142.14533265706788,61.88500280917241,uci_cell0094_win00
103.52595155709342,78.9567474048443,36.7560553633218,12.906574394463668,46.1401384083045,22.430795847750865,2.6650145198191963,22.820509624933678,2.683720930232558,0.0,0.01984061643669439,0.04477635193396488,0.5159032428819431,0.7779019594813444,180.88898534519694,72.70655455878025,uci_cell0095_win00
101.63157894736842,72.54499151103565,45.09847198641766,14.091680814940577,57.89983022071307,25.015280135823428,2.5300711982095327,28.301684056677036,3.1666666666666665,0.0,0.009439054672632006,0.0042790869235068245,0.8432223059196343,0.7780708181814182,120.420755685858,74.0369920354522,uci_cell0099_win00
78.10966057441253,55.347258485639685,31.18929503916449,10.39295039164491,39.54046997389034,18.630548302872064,2.465291337645332,43.8528186816525,9.469135802469136,0.0,0.0001745867540762987,0.00018090918348981935,0.6550469316404054,1.2762279713245352,146.5281152769705,63.922349311496504,uci_cell0100_win00
85.25783475783476,61.20797720797721,36.98860398860399,12.008547008547009,46.54415954415954,21.027065527065528,2.617578488794527,60.772974006728994,7.02,0.0,0.00026938087727578766,0.0004547991682501444,0.7500350517821187,0.9632882038370527,114.28825604515791,59.625936563987075,uci_cell0101_win00
66.10939226519336,45.462983425414365,24.866298342541437,8.967955801104972,33.32596685082873,16.281767955801104,2.2100645647990724,45.961987103953405,9.526315789473685,0.0,0.0009044781088335286,0.0018349737665673087,0.7207609528625878,1.2562498324202311,116.9284187711063,93.16718745905764,uci_cell0102_win00
83.59580419580419,64.5944055944056,22.69090909090909,9.408391608391609,30.885314685314686,16.12167832167832,3.2755303000443656,32.31384362807656,2.782101167315175,0.0,0.011923382520735212,0.0742783041764214,0.6194480707802426,0.42106366321216426,100.27674026741434,77.67352962054527,uci_cell0103_win00
83.3062937062937,64.86153846153846,24.713286713286713,9.483916083916084,31.454545454545453,15.976223776223776,3.441340191113844,68.07003100517387,5.25,0.0,0.02247099556724603,0.06376953675788524,0.5504522779845503,0.6386361859543944,99.22020558312704,76.42611000039801,uci_cell0104_win00
81.5,62.98773841961853,23.042234332425068,9.091280653950953,30.62534059945504,15.600817438692099,3.280759585830704,41.343719340044096,3.1502145922746783,0.0,0.036256578827334233,0.05612657243346512,0.6057850468916375,0.554771517602727,148.78601386923992,61.122375813188754,uci_cell0109_win00
78.59921156373193,61.0,19.843626806833115,8.053876478318003,27.61629434954008,14.089356110381077,3.3820720945720963,58.58606861873314,2.893536121673004,0.0,0.02544677270015936,0.059621588770975,0.6916949540338674,0.5558225752974599,142.06418354209669,55.819807236181816,uci_cell0110_win00
83.77605633802817,62.91971830985916,21.228169014084507,8.869014084507043,29.583098591549295,15.395774647887324,2.924347665953432,55.48044197847113,9.407894736842104,0.0,0.0004707955998486439,0.0014130859926286701,0.5581167605510508,0.9159376857240363,143.25099194115518,61.09738407178826,uci_cell0111_win00
68.97926267281106,49.664746543778804,24.768433179723502,8.896313364055299,32.5,15.950460829493087,2.439588372713394,53.50427561242162,4.876404494382022,0.0,0.01260954656936531,0.07959071440853742,0.34891410891247115,0.34747439315623035,102.88027485833788,56.75572501942902,uci_cell0120_win00
111.08582089552239,80.99253731343283,38.973880597014926,16.115671641791046,45.832089552238806,24.527985074626866,2.9657930667715875,67.92779897513202,10.150943396226415,0.0,0.00600179146721621,0.021676083437764157,0.5854617112866523,0.7089456159150381,171.94951999046125,60.232284994845614,uci_cell0127_win00
107.03411131059246,69.2980251346499,35.92998204667864,12.910233393177737,40.14362657091562,20.353680430879713,2.985801772588665,41.47438375732772,6.292134831460674,0.0,0.01234509599214798,0.022669247726618293,0.8227403718695713,0.9392878155926216,163.91948765716214,60.072804438527676,uci_cell0128_win00
103.83275261324042,73.06620209059234,37.32404181184669,14.90766550522648,42.538327526132406,22.691637630662022,3.0391414969715322,75.74110185310708,14.375,359.375,0.002054158560737978,0.004251143421592516,0.7715539145268037,1.1621529387516505,166.29409848503832,66.05052840626334,uci_cell0129_win00
110.85555555555555,74.10555555555555,41.635185185185186,13.537037037037036,47.22222222222222,21.477777777777778,3.092838243889075,62.06619244724103,11.48936170212766,0.0,0.007381005556844586,0.014606730464715325,0.5930922407138717,0.887628573815767,148.9420618162542,61.27308597124484,uci_cell0132_win00
70.58844339622641,50.20518867924528,27.423349056603772,9.304245283018869,35.074292452830186,17.03183962264151,2.6541472052657507,10.022375892660474,3.1524163568773234,0.0,0.0038957834857386423,0.0008902360900401069,0.8512713009029927,0.8035906373522987,129.12351426246857,97.29878694080297,uci_cell0133_win00
61.122824974411465,44.220061412487205,13.048106448311156,6.14431934493347,21.460593654042988,11.786079836233368,1.532255356279988,13.354338099812077,3.161290322580645,0.0,0.0006601883612517706,0.002644146129219386,0.679617986791444,0.8993229597246195,114.25814927767166,81.27009026424342,uci_cell0134_win00
95.5111821086262,73.69169329073482,38.781150159744406,9.757188498402556,34.39776357827476,17.08626198083067,3.537611410217099,23.33570972228639,3.099009900990099,0.0,0.02132956502362974,0.05065865636650915,0.6830419007563112,0.637320368992441,102.73002330833825,59.883251222035035,uci_cell0144_win00
76.06751592356687,53.462420382165604,28.43312101910828,9.01656050955414,36.04713375796178,16.722292993630575,2.405240113504427,38.34629766913853,2.947565543071161,0.0,0.041228297229100416,0.06407452901158792,0.7095185572957495,0.5155204456492747,114.24028743957146,64.09618073894467,uci_cell0151_win00
88.32640949554896,36.63946587537092,21.538575667655785,10.00593471810089,31.997032640949556,17.019287833827892,1.218986688037777,39.13836359619964,3.2200956937799043,0.0,0.02689689910152591,0.06836719959237691,0.4477986761376625,0.5425017544025359,115.93035988516931,68.96419024842199,uci_cell0156_win00
113.20493358633776,82.36432637571157,31.552182163187855,13.937381404174573,42.31878557874763,24.30550284629981,2.4395817155578996,40.86466485913446,5.510416666666667,0.0,0.012541835796869346,0.02894212589091285,0.7452859955760222,0.6488324194346252,119.28290317897631,65.40418730847489,uci_cell0157_win00
100.61748633879782,48.71402550091074,25.469945355191257,12.774134790528233,38.431693989071036,21.302367941712205,1.0931541140666308,43.505055034583265,5.989130434782608,0.0,0.01593048794836936,0.044335148657646074,0.6981492406560149,0.6593946976824415,127.64941258582081,60.882447372937584,uci_cell0158_win00
104.55497382198953,77.4432809773124,36.4153577661431,13.357766143106458,46.40663176265271,23.326352530541012,2.5820268052796918,24.891917539955923,4.434108527131783,0.0,0.007015701919762854,0.015537820641957177,0.5972870388614967,0.5485377026099375,129.6982306389451,62.64358486044481,uci_cell0159_win00
100.87692307692308,72.08205128205128,29.456410256410255,13.114529914529914,38.37094017094017,20.76923076923077,2.8613946680109197,67.41451825800009,3.5950920245398774,0.0,0.03894582546836984,0.08079994640234875,0.5942024844448399,0.5891692471100183,132.13363287414177,72.55480712769327,uci_cell0160_win00
81.35013623978202,55.1158038147139,26.490463215258856,12.239782016348775,37.403269754768395,20.58174386920981,2.1441605679085,50.48392963835379,10.985074626865671,0.0,0.0005817881818159867,0.001385593900635867,0.43171255865162467,0.8683438724684849,144.66691747904915,76.1687404695258,uci_cell0161_win00
76.89780077619663,47.815006468305306,26.102199223803364,11.858990944372575,37.82794307891332,20.602846054333764,1.783204072513718,68.2458966729293,15.294117647058824,304.6875,5.575588576392561e-05,0.00015797494236364053,0.5762221588580233,0.7873877739959627,132.24750742313122,66.95505409928586,uci_cell0162_win00
98.43405676126878,51.47245409015025,26.2787979966611,12.981636060100167,39.158597662771285,21.629382303839733,1.5389229313278077,29.655262825412557,6.0606060606060606,0.0,0.022368580049526854,0.0272192358342372,0.8221087652225675,0.7470666947923215,128.59173515657133,64.12328778556949,uci_cell0163_win00
109.86187845303867,80.60220994475138,27.44014732965009,13.37937384898711,37.8232044198895,21.03683241252302,2.83291003429152,64.0597063643966,2.914438502673797,0.0,0.023573642679585918,0.07956202022673722,0.5267747660643806,0.46475749863189875,129.7043559404781,65.93676756767222,uci_cell0164_win00
100.8397976391231,59.6070826306914,28.462057335581786,14.352445193929174,40.4283305227656,23.350758853288365,2.028030242195162,74.98332403520823,9.883333333333333,0.0,0.0002706844387095384,0.0005712455390589431,0.6277650270935999,0.7927091324863882,138.0747176979343,68.45196965988437,uci_cell0165_win00
114.41108986615679,76.62523900573613,28.59847036328872,15.01529636711281,40.98279158699809,24.86998087954111,2.123680070506954,27.811499395377403,4.88785046728972,0.0,0.010439894076339827,0.0166280422921839,0.6442256303312325,0.6462435338922204,130.9943775206021,64.3888336710226,uci_cell0166_win00
96.35161290322581,61.18064516129032,27.90483870967742,13.769354838709678,39.54032258064516,22.6,2.1350160241536487,86.22456214379736,14.136363636363637,507.8125,0.0002535719593322249,0.0006545715532645559,0.5946793699456208,0.7849724341291331,136.08242739121368,65.15097896874009,uci_cell0167_win00
117.88188976377953,78.60826771653544,28.866141732283463,14.98031496062992,41.06299212598425,24.521653543307085,2.4006762764752807,51.22494032812464,7.140845070422535,0.0,0.003859786815252693,0.006024791363944925,0.5611360588765476,0.508487661927594,134.4195495941486,66.21996338990726,uci_cell0168_win00
111.19925512104282,71.77094972067039,33.878957169459966,15.837988826815643,45.70949720670391,26.70949720670391,2.2420564435502537,95.31608531012542,13.097560975609756,0.0,0.0005550237360376865,0.0012488807921708603,0.6123111983625299,0.6576483823278633,143.42447100478293,69.35518451213807,uci_cell0169_win00
118.27667984189723,65.16798418972331,31.537549407114625,16.887351778656125,43.701581027667984,26.529644268774703,2.1790695870537675,48.111450466071,4.96078431372549,0.0,0.02033998744590796,0.07448150751564024,0.6992836701743893,0.6271173297001256,144.07736566331675,68.69903959942121,uci_cell0170_win00
119.61044176706827,56.558232931726906,30.61244979919679,17.443775100401606,44.78112449799197,28.066265060240966,1.6761538857497995,50.70452831410428,5.8023255813953485,0.0,0.0394605023101281,0.09521607395408443,0.6263550728575066,0.5519705595859853,157.5056292830174,71.1602805382174,uci_cell0173_win00
118.17786561264822,72.0909090909091,31.14822134387352,18.25296442687747,43.49604743083004,27.68774703557312,2.456018523442658,71.8715847161576,5.872093023255814,0.0,0.024192289203623242,0.08731205307698944,0.5317133568231815,0.5751379398648911,162.82455647802036,74.80325829903313,uci_cell0174_win00
118.75396825396825,71.36111111111111,31.404761904761905,18.424603174603174,44.01190476190476,28.279761904761905,2.3840371149529593,60.94051888242508,5.467391304347826,0.0,0.040692815200662084,0.0459362143666276,0.6471305322522066,0.5660520356420724,165.38516985633984,75.40434583827687,uci_cell0175_win00
121.56822810590631,66.12219959266803,35.712830957230146,18.417515274949082,47.27494908350305,30.120162932790222,2.177386995228302,39.134145328827444,5.290322580645161,0.0,0.023344306971221914,0.07024113318867553,0.5838616318612867,0.6436924762513602,162.3611711603523,72.59967711966495,uci_cell0176_win00
114.76436781609195,91.97701149425288,38.019157088122604,14.030651340996169,42.400383141762454,21.992337164750957,3.4820508706297906,59.81190063730908,3.4052287581699345,0.0,0.03845805552120184,0.080122393355463,0.6227016987271384,0.5490869079760697,135.1235395322084,62.48612304108977,uci_cell0177_win00
64.98162729658793,35.702099737532805,13.299212598425196,6.009186351706036,21.520997375328083,11.482939632545932,1.4652048853866333,44.32220815994789,2.620879120879121,0.0,0.040710471672216815,0.04463168441182088,0.5742631403461611,0.5485371277898973,107.13012606816432,58.41448924391098,uci_cell0184_win00
69.39675174013921,49.061484918793504,27.595127610208817,8.907192575406032,33.59512761020882,16.498839907192576,2.562538879961205,18.969200846251187,2.5532544378698225,0.0,0.031694443465603024,0.05695337299902928,0.5895827698077651,0.6929096342339409,118.82099141165362,59.85044070636517,uci_cell0186_win00
106.35168738898757,83.2753108348135,43.202486678507995,10.758436944937833,51.05861456483126,18.71936056838366,3.394772476650617,38.278304085148484,3.037837837837838,0.0,0.014270965847794342,0.042545131258400905,0.4631346406872125,0.5655965881482875,129.95915059339754,61.61047439725803,uci_cell0199_win00
103.70017331022531,81.92720970537262,41.96360485268631,10.138648180242635,48.68457538994801,17.7261698440208,3.58266343813629,47.382538439490204,3.8466666666666667,0.0,0.03914913722593287,0.1014344605673492,0.6945989044126352,0.5661188210736491,138.89383864516154,58.108597280156474,uci_cell0200_win00
105.38800705467372,80.44973544973546,40.29100529100529,11.149911816578483,50.63492063492063,20.37389770723104,2.80935477756782,44.20921992263298,2.139622641509434,0.0,0.025675552748822838,0.05937825924657683,0.5121009976620143,0.49223516023598857,126.74356505246645,57.36587556028592,uci_cell0202_win00
109.51009174311926,83.38348623853211,38.44220183486239,11.409174311926606,47.2348623853211,21.13211009174312,2.692344107208173,57.24362765009742,4.1679389312977095,0.0,0.03251961252079554,0.09227862530427469,0.5392219182352748,0.4758284922204736,133.90265529666883,53.86177071919348,uci_cell0204_win00
100.46140939597315,75.08892617449665,38.92953020134228,12.013422818791947,49.63926174496644,22.27181208053691,2.642728464264506,26.57499223873896,2.236842105263158,0.0,0.04496563915345563,0.08707398959200748,0.6227414224297116,0.5120962092923231,164.4200697464221,58.88050285258811,uci_cell0206_win00
102.40068493150685,76.14383561643835,36.5513698630137,11.356164383561644,47.898972602739725,21.470890410958905,2.4481543028021515,49.006715469106354,2.216730038022814,0.0,0.013921473521724934,0.057313547566304496,0.33184380678571246,0.5131742778209178,166.67649215708818,64.0188546993607,uci_cell0208_win00
102.28547008547008,76.76068376068376,35.758974358974356,11.22051282051282,45.77264957264957,20.933333333333334,2.4604127421300794,47.01876504630183,2.925,0.0,0.03194341729164023,0.09568566317640738,0.6202939246566134,0.5563073941796244,161.47465014469276,59.03956154534168,uci_cell0209_win00
104.82661996497373,77.41155866900175,37.02276707530648,11.784588441330998,48.887915936952716,22.567425569176883,2.374110306100579,53.317500338259826,2.1466165413533833,0.0,0.03831525975249175,0.09131414736731025,0.6601339770670513,0.5325158735346536,156.6518441236367,60.201327555973386,uci_cell0211_win00
113.32447817836812,86.78557874762808,39.98671726755218,12.2561669829222,51.53889943074004,22.823529411764707,2.6592847107673934,50.275182483647995,3.348101265822785,0.0,0.013700526256857085,0.052545306915790874,0.7395689114543571,0.5302869644243546,141.52337325497498,53.903894552503445,uci_cell0212_win00
112.43339587242026,87.34896810506567,44.68292682926829,13.22514071294559,54.926829268292686,23.313320825515948,3.202286890805198,27.20141793135901,2.756476683937824,0.0,0.01747849835173381,0.03918416352330942,0.7635492817409866,0.7720128582258899,155.10117338351475,56.45000913987549,uci_cell0215_win00
94.41679873217116,70.19651347068145,39.0824088748019,10.437400950871632,48.38668779714739,19.27892234548336,2.7728106993944723,39.329477497422616,3.602272727272727,0.0,0.02637372132873923,0.06398871300565462,0.5539133219916503,0.556056896278479,143.98956178089338,61.08002863174287,uci_cell0216_win00
93.0607476635514,69.09190031152647,38.12149532710281,10.228971962616823,47.44548286604361,18.89563862928349,2.759336399419572,20.957986393427873,3.8106508875739644,0.0,0.03245038515866597,0.04127412500864613,0.5396167032383851,0.7292793302912622,149.836390585065,63.22174760944692,uci_cell0217_win00
92.16203703703704,69.1820987654321,37.120370370370374,9.88888888888889,46.026234567901234,18.21141975308642,2.769105958395496,31.682684565611336,3.075829383886256,0.0,0.05796306914572079,0.11449696865793386,0.5734130026901832,0.5833551740389759,158.35036055151954,63.7033639311411,uci_cell0218_win00
91.32824427480917,68.48091603053435,37.14503816793893,9.926717557251909,45.98625954198473,18.15114503816794,2.776505994488857,34.78869908551566,3.791907514450867,0.0,0.00851153281709476,0.011153403826323034,0.4785273947216816,0.8304753934371258,161.6015647655195,64.58074787446154,uci_cell0219_win00
111.9812734082397,86.9438202247191,35.8183520599251,10.908239700374532,45.88014981273408,20.04494382022472,2.6697472687741244,26.50548784320783,2.656716417910448,0.0,0.03380377717990165,0.07591561395776113,0.6494926840199231,0.6087053559334645,160.577237051856,60.85867194087528,uci_cell0221_win00
114.49904397705545,89.80114722753346,35.780114722753346,11.1414913957935,44.391969407265776,19.77246653919694,2.673732550332479,53.28283178301303,4.9245283018867925,0.0,0.010147582181345002,0.0331840248023091,0.6273334773273779,0.5272307644980568,149.89509692195918,58.517371238282415,uci_cell0226_win00
115.6686046511628,90.93992248062015,36.52906976744186,11.527131782945736,45.05038759689923,20.180232558139537,2.7993379303655694,58.50656636454092,3.401315789473684,0.0,0.03893218230168968,0.08452914893412723,0.49648941225887555,0.5586286579210641,150.47244512522707,58.165577006683385,uci_cell0227_win00
116.6608187134503,91.39376218323586,35.00389863547758,11.651072124756336,43.43664717348928,20.401559454191034,2.532341486855064,68.88607568298508,4.460869565217391,0.0,0.041026540369528464,0.09776172768207285,0.5997702613542973,0.5225660661790343,129.7921755819792,54.35518362244937,uci_cell0229_win00
113.76335877862596,85.36259541984732,35.36259541984733,11.988549618320612,48.56488549618321,24.129770992366414,2.210673544607666,35.774831180360295,2.453271028037383,0.0,0.03223881031112113,0.10375217108437237,0.47196687918840385,0.4486157699997195,162.00384959510208,63.689053642085156,uci_cell0230_win00
110.92037037037036,85.17037037037036,36.02407407407407,13.196296296296296,46.425925925925924,23.64074074074074,2.4821497818836997,58.87660211384768,3.246987951807229,0.0,0.03276515420346841,0.09334027139490908,0.5165756296129065,0.5842909211321241,155.91120360700774,61.66355388279318,uci_cell0231_win00
110.56377079482439,83.6543438077634,35.7264325323475,12.859519408502774,47.2735674676525,24.369685767097966,2.3480243728595536,64.1458869885921,2.665024630541872,0.0,0.028534843780930748,0.07138447642758021,0.6218220967619396,0.5325011019508136,158.48014420144622,63.23714300884676,uci_cell0232_win00
106.42095914742451,77.87388987566608,34.792184724689164,11.868561278863233,46.715808170515096,23.0461811722913,2.227854916153895,44.68596244418723,2.4017094017094016,0.0,0.02824545874179291,0.08393915550740189,0.47230356945859736,0.4725289035043287,160.62944931399156,62.439332044432206,uci_cell0233_win00
100.35570469798658,72.30872483221476,33.79026845637584,11.555369127516778,45.348993288590606,22.053691275167786,2.282350092793114,46.540949553446126,2.7850467289719627,0.0,0.03712808878318379,0.09908146647955021,0.6000275364124048,0.4140706768983681,160.68595412291575,54.96566014934304,uci_cell0235_win00
96.90259740259741,69.74025974025975,32.878246753246756,10.9512987012987,42.82305194805195,20.51298701298701,2.3141030952406005,58.5573171957771,2.5708333333333333,0.0,0.03162011504052445,0.0792271852048281,0.5970483503608881,0.4513240728957624,149.85183234224016,60.2936724715599,uci_cell0236_win00
98.3404605263158,72.375,34.53947368421053,11.15296052631579,44.26809210526316,20.713815789473685,2.424332247256467,47.35930543464788,2.859154929577465,0.0,0.02297652320681484,0.076050633997652,0.5065954477654468,0.6393452610202693,146.55475003965978,59.973475608033674,uci_cell0238_win00
102.10921501706484,74.52559726962457,34.39761092150171,11.549488054607508,45.68600682593857,21.91296928327645,2.3503737778717166,44.561631917131116,2.6044444444444443,0.0,0.021257277948698975,0.0633523194553086,0.4672776586518091,0.45948034529245874,171.2940201264667,70.65541985414008,uci_cell0239_win00
107.38129496402878,80.8273381294964,36.16726618705036,12.053956834532373,46.80935251798561,22.0,2.6401286613646753,45.13795582379978,2.48,0.0,0.033344501450123125,0.1011364645709642,0.6989149680341566,0.5110601360390974,171.30224025196446,75.81904746036997,uci_cell0242_win00
106.33392857142857,77.7625,37.330357142857146,11.969642857142857,49.14642857142857,22.625,2.468756093569993,56.53942528118067,3.0106951871657754,0.0,0.03053352775005212,0.08836649796636746,0.5015979662379446,0.4543819826645636,168.7631038930365,69.85779341833297,uci_cell0245_win00
99.46345514950166,74.85049833887044,36.23920265780731,11.014950166112957,45.6578073089701,19.551495016611295,2.8092765648118947,37.24398785267593,2.4430894308943087,0.0,0.01745893023446836,0.07024061659742054,0.4767710902266647,0.36020073663729874,152.29304668744322,64.52586617449742,uci_cell0248_win00
100.47058823529412,74.34621848739496,35.89411764705882,10.99327731092437,45.73109243697479,19.863865546218488,2.675614078176954,37.38868415516758,2.4791666666666665,0.0,0.021221942561582195,0.08373555546557862,0.44084586344627386,0.4517683561142881,155.2364755822923,65.28716233825061,uci_cell0249_win00
100.63193277310924,74.7764705882353,35.57142857142857,10.914285714285715,45.8,19.89747899159664,2.612824516065011,30.269288336050995,3.020304568527919,0.0,0.02367955594015187,0.08244518519724767,0.4422957520631077,0.42198809270079374,155.89626372077083,65.9239900096229,uci_cell0250_win00
102.82444061962134,78.71600688468159,37.815834767641995,10.994836488812393,46.95869191049914,19.76075731497418,2.761750300950998,32.20826408785289,3.3641618497109826,0.0,0.032899532849358065,0.08263922530599659,0.5687375336230367,0.6526770484653202,139.63752999593805,54.753752488136314,uci_cell0251_win00
102.2098976109215,79.37372013651877,37.08361774744027,10.575085324232083,45.20136518771331,18.911262798634812,2.881887621373919,37.79604985233722,2.900990099009901,0.0,0.03874677508473015,0.08809269838069526,0.6056451260927788,0.5131105570049067,142.0036017058122,55.271834378519465,uci_cell0252_win00
98.49752883031302,75.64579901153212,38.02306425041186,10.825370675453048,46.655683690280064,19.186161449752884,2.853942453162662,29.43128088966242,3.234042553191489,0.0,0.03483423212710807,0.08047315151572985,0.4210788980546974,0.5830451501663524,137.9933623862594,53.69044565692557,uci_cell0253_win00
99.03814262023218,75.99170812603649,37.59038142620232,11.03150912106136,46.57213930348259,19.597014925373134,2.8236235051731913,44.65511424888706,3.282608695652174,0.0,0.018757400311228318,0.06538840461568336,0.543382449566336,0.5578045527749848,146.09924690589344,55.80960590622719,uci_cell0254_win00
98.19407894736842,73.7532894736842,37.30921052631579,11.15625,46.276315789473685,19.769736842105264,2.7238298047199887,55.962402653564276,2.506172839506173,0.0,0.026113655370705695,0.07993063647525149,0.4224931809970217,0.45434251292614947,138.16066490819776,58.649225114384066,uci_cell0256_win00
99.06446280991736,74.78512396694215,36.48760330578512,11.423140495867768,46.26611570247934,20.550413223140495,2.564577155865314,49.95369474550961,2.876190476190476,0.0,0.019038917689793197,0.09690764542482953,0.43921769506996844,0.37098919926755347,147.23504048243768,61.63123712245795,uci_cell0257_win00
98.01963993453356,73.26022913256956,36.33060556464812,11.482815057283142,45.89852700490999,20.55155482815057,2.6015108637517237,57.8475572361485,3.5114942528735633,0.0,0.018807522058879377,0.09865660197065954,0.42589100704349664,0.4096780455189897,152.8979868318722,64.32819712220012,uci_cell0259_win00
98.7904290429043,74.86138613861387,35.64521452145215,11.122112211221122,45.43234323432343,20.07095709570957,2.5559533371907572,56.07726871029474,3.3480662983425415,0.0,0.010260764186287187,0.043431755129099976,0.39720432701645836,0.44549746097529885,154.6407336816972,65.39075193831212,uci_cell0260_win00
98.6099173553719,74.30909090909091,35.69421487603306,10.586776859504132,43.49917355371901,18.776859504132233,2.7659932323944405,74.30470215727267,4.026490066225166,0.0,0.01832466808889984,0.0626011783630625,0.5642895373171538,0.4170374180589065,146.98332567512887,60.72571762568688,uci_cell0262_win00
99.64891846921797,75.35773710482529,35.848585690515804,10.717138103161398,43.83028286189684,18.941763727121465,2.753948156830576,61.073380058815886,5.0,0.0,0.01082100316976788,0.0443869167905869,0.4205400732389115,0.5100123344392259,146.97751063205294,60.5057704368417,uci_cell0263_win00
99.38870431893687,75.11129568106313,35.443521594684384,10.606312292358805,43.285714285714285,18.900332225913623,2.7042169215670655,67.24779221211895,4.658914728682171,0.0,0.02714300722147277,0.0815163279190853,0.5255183002503375,0.418211308702788,145.3668136644344,60.27580144032715,uci_cell0264_win00
101.27749576988155,76.414551607445,36.27241962774958,10.88663282571912,45.36040609137056,19.588832487309645,2.680707164632883,57.501822831078385,5.628571428571429,0.0,0.015766015261409683,0.0487740692091164,0.4762766110806618,0.46352833582619857,147.46276014636928,61.05474122601692,uci_cell0265_win00
104.5183887915937,80.67600700525394,35.67425569176883,11.309982486865149,43.651488616462345,19.893169877408056,2.791949270124108,70.82441341777482,3.5153374233128836,0.0,0.03218541937457788,0.08230777080344204,0.5523594455395947,0.4748042687251084,152.4917551232531,62.1142744150273,uci_cell0266_win00
103.65565217391304,80.75304347826086,36.77913043478261,11.996521739130435,44.38260869565217,20.4,2.8682483638587106,77.28721763436587,5.877551020408164,0.0,0.03423757016625957,0.08019658676501304,0.5787890935952712,0.4586001537759836,149.9925521235139,63.69032143327109,uci_cell0267_win00
104.19895287958116,79.94764397905759,36.589877835951135,11.226876090750435,42.75567190226876,18.869109947643977,2.9460305058783476,74.64557308492073,3.4727272727272727,0.0,0.02488161794942212,0.07885688483803878,0.5929812470910398,0.47577519602743706,142.34678426189035,60.45201166930393,uci_cell0268_win00
109.88990825688073,80.6348623853211,34.190825688073396,11.051376146788991,47.96880733944954,23.06422018348624,2.1275133602986993,38.246576939622834,3.323170731707317,0.0,0.03887663164488896,0.10454502749212133,0.5425517512485621,0.5813600402329099,179.69266804336056,72.22576010637741,uci_cell0284_win00
109.15664845173042,78.94899817850637,37.78142076502732,11.896174863387978,51.61020036429873,23.604735883424407,2.2890088774317072,42.29860635972119,5.219047619047619,0.0,0.01580055584234806,0.05511611814253406,0.3696165949755321,0.5156631420081489,174.3620717989695,70.40798949342536,uci_cell0285_win00
110.92764378478664,80.97773654916512,37.97402597402598,11.909090909090908,52.001855287569576,23.85899814471243,2.2610225016619676,47.95437409347804,3.4935064935064934,0.0,0.03308316221739902,0.09704434162497311,0.5711709735845962,0.4610500903351365,134.2681868673745,57.367969703215216,uci_cell0286_win00
112.19850187265918,82.93445692883896,36.95880149812734,11.616104868913858,50.765917602996254,23.39325842696629,2.2435030684811945,49.34288394858299,2.9447513812154695,0.0,0.022270971785667785,0.09148384871529182,0.4838158663365717,0.5319975339489476,133.39335583154485,59.66231209577322,uci_cell0288_win00
110.78888888888889,80.73518518518519,37.09814814814815,11.853703703703705,48.992592592592594,22.572222222222223,2.394260396269104,81.79836853435252,5.556701030927835,0.0,0.01266062594429129,0.06621371310439637,0.43015059727979094,0.27887933351679517,125.37714969870548,56.45623995847604,uci_cell0295_win00
110.75139146567717,80.87755102040816,35.968460111317256,11.719851576994435,48.111317254174395,22.53617810760668,2.3226989268872504,68.66518862777357,4.935779816513762,0.0,0.01195339630589648,0.09689240148656535,0.39129148016314613,0.4121413775952441,136.4048429858958,60.33608618436092,uci_cell0300_win00
112.34022556390977,83.43984962406014,36.78383458646616,11.672932330827068,48.2406015037594,22.133458646616543,2.3692798616069197,59.285442201583294,4.214285714285714,0.0,0.010555370805874195,0.05986319596072963,0.36139498128552894,0.37420171341665914,133.20131618768755,59.673067979940946,uci_cell0301_win00
112.90359168241966,83.72400756143668,36.16635160680529,11.497164461247637,48.746691871455575,22.35727788279773,2.297562374453626,74.68431944245381,4.093023255813954,0.0,0.02349304804416876,0.07358572032006702,0.5075633960444751,0.5033974813398222,133.0154462788727,60.19641061432589,uci_cell0302_win00
115.40582524271845,85.01941747572816,36.9378640776699,11.510679611650485,50.43495145631068,22.945631067961166,2.233672514554003,65.44234958699968,4.886792452830188,0.0,0.033030148291440714,0.10491513380829288,0.4515525335311781,0.5023079550779754,140.52491430122416,63.10227539661749,uci_cell0303_win00
115.41425818882466,87.3757225433526,36.50481695568401,11.45086705202312,48.127167630057805,21.616570327552985,2.442801263639445,50.90677597387949,3.3701298701298703,0.0,0.03436339677559405,0.10278115871091188,0.5217018296547077,0.5348012821609632,132.2666734576748,59.2820407830576,uci_cell0304_win00
112.5657894736842,84.56015037593986,36.56578947368421,11.44548872180451,47.96616541353384,21.43233082706767,2.4710686100808084,53.826604680426456,3.18562874251497,0.0,0.023406307157126483,0.082870072944636,0.4453608044917805,0.5515245190761578,132.20863634105797,59.60300667265634,uci_cell0305_win00
111.67289719626169,83.84299065420561,36.467289719626166,11.426168224299065,47.93457943925234,21.59065420560748,2.4297090029594712,61.71373679853416,3.104651162790698,0.0,0.016968066212901037,0.0687365302120055,0.41553228979114304,0.44849516607052736,131.74142530580775,59.39917531804058,uci_cell0306_win00
111.57089552238806,84.00373134328358,36.75,11.64179104477612,47.97761194029851,22.027985074626866,2.598032393315893,38.26903026782673,3.134502923976608,0.0,0.01971037126417927,0.07524230507802092,0.3874450733332245,0.6351189403385226,158.21384546166252,65.88533858268868,uci_cell0318_win00
111.06145251396649,82.97951582867783,34.13594040968343,10.707635009310987,44.981378026070765,20.28491620111732,2.4523932097088696,38.15283607374056,4.261904761904762,0.0,0.010421824413520282,0.06068763345852434,0.33982122388148234,0.5000307343789521,162.81862334871812,70.70079498586453,uci_cell0336_win00
109.308957952468,82.04387568555758,35.855575868372945,10.83180987202925,45.44241316270567,19.957952468007313,2.775559391549231,50.620039636594825,4.831858407079646,0.0,0.002534813995987441,0.006981249329274985,0.5455589488395656,0.6156171294198264,161.0555168118903,68.38142961234176,uci_cell0340_win00
111.36516853932584,82.78838951310861,35.70037453183521,10.859550561797754,45.672284644194754,20.172284644194757,2.687694775574302,28.91871720594486,3.9051094890510947,0.0,0.02266062565231397,0.06504225050829722,0.4042398917168845,0.5597895132214626,158.99779256941056,67.71692526536154,uci_cell0342_win00
111.55597014925372,83.56902985074628,34.29664179104478,11.350746268656716,45.843283582089555,21.940298507462686,2.409683039219386,47.151438588272995,7.328767123287672,0.0,0.008028747502986794,0.017037855331739262,0.5496099566731825,0.6316312081179868,173.65761661471294,72.17760683834804,uci_cell0343_win00
109.40257352941177,78.71139705882354,35.838235294117645,11.915441176470589,48.268382352941174,23.137867647058822,2.2531128372044993,41.96701842996199,4.900900900900901,0.0,0.028587170445319207,0.05946056938629478,0.46662352721203104,0.6264834970782801,171.44231764349576,70.05585378476765,uci_cell0344_win00
110.87384044526901,82.64749536178108,35.30055658627087,11.597402597402597,46.88126159554731,22.209647495361782,2.409328354814488,63.490488869363325,6.923076923076923,0.0,0.011062207578430062,0.04444958150436697,0.7732674454473276,0.6665435331537395,162.74474894521487,66.0499849020403,uci_cell0345_win00
111.01301115241635,83.02973977695167,34.946096654275095,11.423791821561338,45.682156133829,21.682156133828997,2.4386449474595966,55.420462521875265,5.9010989010989015,0.0,0.005729019462472671,0.019535640475776724,0.41027479829542524,0.6057103999292585,161.63108411645973,66.71941970036012,uci_cell0346_win00
110.9460966542751,84.05762081784387,34.20817843866171,11.254646840148698,44.825278810408925,21.236059479553905,2.403358547805602,50.24474522631972,5.836956521739131,0.0,0.024103228963374395,0.06257428278810406,0.48288703005259953,0.7787551596254144,155.1333376777508,66.26742672424568,uci_cell0348_win00
110.20848708487085,83.18819188191883,33.064575645756456,10.682656826568266,44.049815498154985,20.121771217712176,2.361144332559407,26.40128370365339,4.2265625,0.0,0.003431233245412796,0.008745259065538644,0.44273521141399386,0.9329526044077519,151.49329186481893,67.65084327492379,uci_cell0349_win00
117.57455268389663,86.90059642147118,33.512922465208746,11.628230616302186,43.188866799204774,21.01192842942346,2.4817867294825575,35.89093705310299,2.6282722513089007,0.0,0.042255214073844825,0.06374643481691904,0.5871620713653702,0.3857849528230185,150.37945319404312,63.76312474688312,uci_cell0353_win00
116.87204724409449,87.12204724409449,34.496062992125985,11.437007874015748,44.20472440944882,20.744094488188978,2.6263042808371844,50.79049223494196,5.425531914893617,0.0,0.00545484132287723,0.015732974932547574,0.5502136676882263,0.7176780426568911,150.19375674047978,65.45405628058043,uci_cell0355_win00
116.89723320158103,86.800395256917,34.43873517786561,11.531620553359684,44.58695652173913,20.962450592885375,2.605449019790465,67.83850556151687,4.932038834951456,0.0,0.0199159481225933,0.08304080340812998,0.5551665194863624,0.5687934796486972,151.6483024300685,66.19501913442126,uci_cell0356_win00
117.0748031496063,86.74212598425197,34.90551181102362,11.618110236220472,46.00196850393701,21.734251968503937,2.5233459782141803,68.14744575858465,5.795454545454546,0.0,0.02927397782936987,0.07265416872663183,0.5690789995145227,0.5990364741091979,154.14702499951224,67.36212879917339,uci_cell0358_win00
116.46379647749511,84.48727984344423,34.72211350293542,11.827788649706457,45.81800391389432,22.09784735812133,2.4129192833352193,65.56068718144817,5.457446808510638,0.0,0.03507330906665709,0.07956664522702736,0.745839878376075,0.5739551169676437,154.28659518590322,66.36934198747585,uci_cell0359_win00
118.21980198019801,87.21584158415841,36.02970297029703,11.762376237623762,50.13465346534653,24.04950495049505,2.2138725197544082,32.34941106600199,2.864406779661017,0.0,0.05427224020693802,0.11595235343563808,0.5159275302264543,0.5682118942700684,154.39240908901897,66.40272569219375,uci_cell0366_win00
118.35643564356435,88.82574257425743,36.20792079207921,12.07920792079208,48.83762376237624,23.316831683168317,2.3820237258192627,39.4849507936555,3.2025316455696204,0.0,0.05318640768329419,0.12848347354573128,0.5536467774441929,0.4647357685837752,135.69607237253337,59.717477173357615,uci_cell0368_win00
120.11468812877264,92.56941649899396,36.2092555331992,12.663983903420522,46.19114688128773,22.354124748490946,2.676591658011081,62.888664305558365,3.1858974358974357,0.0,0.01584269910912314,0.07022118612533089,0.4160489256171257,0.6078913968882779,143.53610069310128,62.7047273180799,uci_cell0371_win00
120.87044534412955,92.87246963562752,36.01012145748988,12.61336032388664,46.568825910931174,22.708502024291498,2.635071732845169,60.353885272925,3.2649006622516556,0.0,0.009867828287536908,0.05199107932865853,0.38892324678317625,0.303016379304237,145.06116430376883,64.07179803971336,uci_cell0372_win00
120.50607287449392,91.69635627530364,37.836032388663966,12.273279352226721,48.60931174089069,22.70242914979757,2.750784397761483,58.62909854973522,3.734848484848485,0.0,0.01547581181159351,0.07285503464871178,0.5463157464651546,0.39564458591685514,149.5171631798227,67.30308400189006,uci_cell0374_win00
90.23831070889895,69.11161387631977,34.13725490196079,13.221719457013574,38.44193061840121,21.289592760180994,3.3353617767744703,38.70276494317988,9.095890410958905,0.0,0.0024484169583857043,0.005031094634253309,0.6457278873403272,1.0839476386283253,121.73361020473062,59.842694807823975,uci_cell0391_win00
96.36977491961414,64.13344051446946,36.51607717041801,12.766881028938906,54.233118971061096,28.210610932475884,1.8255191699098239,45.84040403334899,5.008064516129032,0.0,0.03780758798814635,0.05121931517448255,0.7466984819631322,0.4156910798244641,149.04476573132771,72.19913689400248,uci_cell0394_win00
97.09771986970684,64.96091205211727,36.87785016286645,12.944625407166123,54.45928338762215,28.20358306188925,1.85002328359604,64.25023773016916,7.884615384615385,0.0,0.05296156769850437,0.06305159060692321,0.6445442847111461,0.3575505338281552,148.0141544207463,71.62956174595726,uci_cell0395_win00
97.05048859934854,65.12377850162866,37.00814332247557,13.027687296416937,54.28664495114006,28.099348534201955,1.8626567111681347,69.81662380246065,6.591397849462366,0.0,0.03889078969909572,0.030938546615484317,0.8280784912891437,0.5077463447427609,145.7861361368648,70.5792541457625,uci_cell0397_win00
96.42718446601941,63.89320388349515,37.653721682847895,13.179611650485437,55.31391585760518,28.006472491909385,1.854936455849859,71.1565589974529,5.508928571428571,0.0,0.05027516670023859,0.08071174049818719,0.47817385405059704,0.4144789155721489,146.42930185368385,72.22733147685231,uci_cell0399_win00
97.37049180327868,64.3655737704918,38.12622950819672,13.272131147540984,56.33114754098361,28.555737704918034,1.8511838814707766,73.6830088642046,5.903846153846154,0.0,0.029569530497659372,0.04571155130304667,0.6056566198137734,0.3717909092419441,150.00866019339924,73.74484448893557,uci_cell0400_win00
98.09016393442623,64.74262295081967,38.53934426229508,13.722950819672132,56.47377049180328,28.263934426229508,1.8495108548268882,24.61763782894383,3.935483870967742,0.0,0.018511748759365728,0.07329645655817557,0.4829556983813582,0.6753527550455197,128.27483357967682,57.31411962423169,uci_cell0401_win00
95.11942675159236,66.14171974522293,38.52070063694268,13.101910828025478,53.060509554140125,25.56687898089172,2.1859455247459243,40.686116460995876,4.117647058823529,0.0,0.017405297771805436,0.059865467282768633,0.5431365144364759,0.4954313243638541,116.94020498572176,62.72494951281716,uci_cell0403_win00
96.32636655948554,69.46945337620579,40.72990353697749,13.755627009646302,53.08520900321543,24.686495176848876,2.478593769820863,40.80451349600469,6.9,0.0,0.0023364769290624993,0.026399715634331175,0.5539237722318159,0.38653869708819844,122.9535466931095,53.68194423745372,uci_cell0405_win00
93.3213728549142,65.7207488299532,40.24804992199688,13.471138845553822,53.390015600624025,24.829953198127924,2.3640324713720546,63.72844103355945,8.113924050632912,0.0,0.011083501729193706,0.029168590025435686,0.7214775613482493,0.5150381623857201,133.7044207094559,62.62141827078719,uci_cell0406_win00
92.97045101088646,62.951788491446344,37.80559875583204,13.276827371695179,53.211508553654745,26.493001555209954,2.036952953665269,52.882170946468996,10.206349206349206,265.625,0.0002361799450986938,0.0008961891698305999,0.5403692501425394,1.2146630946542356,141.66744003165098,64.21422138265645,uci_cell0407_win00
94.55379746835443,67.1123417721519,43.037974683544306,14.599683544303797,56.12183544303797,25.873417721518987,2.5194992180721583,36.673429620492136,3.739644970414201,0.0,0.04479976133825066,0.0714692576284988,0.5134884249132031,0.48849702642471915,108.73924500857817,63.73313201318644,uci_cell0409_win00
99.52911813643927,72.36605657237936,43.738768718802,14.304492512479202,55.21797004991681,25.169717138103163,2.6489165194656534,29.059279451975076,5.189655172413793,0.0,0.007131915959023636,0.031074058017493956,0.46591642312076026,0.40633443489838106,112.61765607123023,60.431272669810475,uci_cell0417_win00
97.50651465798046,70.50651465798046,40.697068403908794,12.882736156351791,52.355048859934854,23.473941368078176,2.580870650940054,36.72630507627447,4.066225165562914,0.0,0.013762938326104725,0.04423804840614458,0.5991022542945275,0.4927597007169169,115.89289942119102,60.52300757850034,uci_cell0418_win00
91.94453004622495,65.06317411402158,39.08320493066256,12.61633281972265,51.32819722650231,23.308166409861325,2.4121945199222266,34.00573757204284,3.5824175824175826,0.0,0.022255621093405772,0.03504778899074787,0.5059047580031449,0.5593636099308859,120.92279458156472,66.93987101980107,uci_cell0419_win00
90.08421052631579,64.28721804511278,38.94285714285714,12.275187969924811,50.18195488721805,22.169924812030075,2.4930566452517806,25.34222182338062,3.772727272727273,0.0,0.012374783178762836,0.03702847764885962,0.4959707465070995,0.4896875114580951,117.4273138489948,64.69218262138797,uci_cell0420_win00
91.45954198473282,63.81221374045801,39.76030534351145,12.526717557251908,52.21221374045802,23.34503816793893,2.3674608908495856,31.837071508763586,4.068322981366459,0.0,0.021041649183966133,0.047463070300367664,0.8129620087491932,0.5905688253575971,119.1578315897066,59.29375974062364,uci_cell0421_win00
107.18637992831542,74.2258064516129,39.6415770609319,14.091397849462366,56.70967741935484,29.473118279569892,2.0432567883673705,56.39548862029606,5.9361702127659575,0.0,0.009609519859175209,0.04869377604835843,0.44937556440628884,0.4420757525538386,125.75551362715622,62.72860988436255,uci_cell0423_win00
97.8111658456486,69.44170771756978,43.610837438423644,13.346469622331691,54.37110016420361,23.92775041050903,2.543104565300114,34.67360435158879,4.959349593495935,0.0,0.03275919769864307,0.07714643066945065,0.6202685244064812,0.586681211002599,80.8910267347964,53.79549779976889,uci_cell0443_win00
96.61389337641357,61.81583198707593,15.470113085621971,6.003231017770598,22.24071082390953,11.237479806138934,3.713421171744727,30.766390520634744,1.889908256880734,0.0,0.03971879081489944,0.09370833489166558,0.592405272996612,0.4604740836144096,159.7421056434997,73.36502566206326,uci_cell0446_win00
96.61389337641357,61.81583198707593,15.470113085621971,6.003231017770598,22.24071082390953,11.237479806138934,3.713421171744727,30.766390520634744,1.889908256880734,0.0,0.03971879081489944,0.09370833489166558,0.592405272996612,0.4604740836144096,159.74220967609494,73.3650734412883,uci_cell0447_win00
97.76960784313725,63.150326797385624,15.233660130718954,6.094771241830065,22.38235294117647,11.377450980392156,3.749691047206821,27.19761858049555,2.0501672240802677,0.0,0.03760355338024785,0.11082842080541445,0.547262104809667,0.4980832570044164,157.26080647067732,72.35607696490159,uci_cell0448_win00
88.95535714285714,61.18452380952381,36.239583333333336,11.623511904761905,49.13392857142857,23.589285714285715,2.1867016018965035,44.9192669531616,4.072727272727272,0.0,0.010746085816184046,0.05859364820474779,0.36157968212492886,0.5121627432203307,144.63958496148584,76.19952042034981,uci_cell0460_win00
85.33571428571429,62.81428571428572,34.38,11.201428571428572,43.504285714285714,19.89,2.6474809223256472,57.399218603929725,12.962962962962964,0.0,0.0065023235243610806,0.0028326278927817347,0.8956861412881428,1.0013114613288276,172.08162716458136,77.52623148866188,uci_cell0482_win00
85.79022988505747,63.08764367816092,34.49425287356322,11.137931034482758,43.627873563218394,19.903735632183906,2.6482681956398455,53.63875262878163,10.890625,0.0,0.008354481680127738,0.008793072131835555,0.9802447569345663,1.091015590755433,175.18494089851092,78.96449306880262,uci_cell0483_win00
87.82205882352942,64.73382352941177,35.127941176470586,11.475,45.03088235294118,21.01764705882353,2.6256874940353865,39.71454854095062,6.611650485436893,0.0,0.011921730140155835,0.021514106256672834,0.7060442284814908,0.9864645668547708,183.16684022588095,78.70017564036682,uci_cell0488_win00
84.78045325779037,60.29745042492918,36.98158640226629,12.196883852691219,47.72237960339943,21.691218130311615,2.4738504028378183,48.83340282625638,11.573770491803279,0.0,0.00285433428268981,0.0032729852529108107,0.932606546774849,1.0256356985431652,167.98712029936726,75.76934985496221,uci_cell0490_win00
84.55586987270155,61.94059405940594,35.58132956152758,11.435643564356436,44.567185289957564,20.036775106082036,2.6895034724488895,35.3772449605586,6.616822429906542,0.0,0.0036064942862178515,0.005441142766519912,0.8913402735788175,1.0659855113684338,144.63097359781227,87.7457734881335,uci_cell0491_win00
91.91551459293395,67.11827956989248,34.706605222734254,11.302611367127497,44.81874039938556,21.03379416282642,2.461212457916057,31.115292266560648,7.670588235294118,0.0,0.015417837799049325,0.0173834211893895,0.8466341410878891,1.0274528122121886,120.54593479234974,68.38523963547894,uci_cell0496_win00
81.4008152173913,58.70516304347826,37.59103260869565,11.633152173913043,47.08288043478261,20.797554347826086,2.6377097744506655,22.623946011705357,6.282051282051282,0.0,0.011588109253874193,0.006215375925699225,0.6864318507263089,0.97575593225339,157.86354012957835,83.29787201807929,uci_cell0497_win00
102.13651877133105,73.40102389078498,40.59726962457338,12.061433447098976,54.022184300341294,24.088737201365188,2.4105013566470292,77.38198558304396,19.533333333333335,539.0625,0.006188206724757705,0.0027951960790246885,1.1287470695497386,1.1268782213098323,140.77742450405503,109.79884741583243,uci_cell0499_win00
94.51500789889415,68.67930489731438,34.864139020537124,11.849921011058452,45.80726698262243,22.015797788309637,2.359235051148271,46.77108459024999,7.523809523809524,0.0,0.0036864257924334857,0.006772786147721233,0.6012712936037785,0.934296608694438,120.35272576074502,86.61263318045853,uci_cell0502_win00
90.53172205438067,64.5166163141994,33.823262839879156,11.681268882175226,45.14803625377643,22.001510574018127,2.2701541812003105,35.50398573758923,8.060975609756097,0.0,0.00427172959836009,0.002542780213960109,0.9016491954754949,0.9212923280374967,121.17071260877204,85.01958257533359,uci_cell0503_win00
67.82896237172177,47.352337514253136,25.654503990877995,10.358038768529076,34.70467502850627,18.27480045610034,2.3342791473026305,55.638942480410776,7.048,0.0,0.025354389230337893,0.021508759612120357,0.8316357801914694,0.7403336289773581,152.9439877120697,57.87774819827446,uci_cell0515_win00
69.36004784688996,22.466507177033492,14.64354066985646,7.088516746411483,24.41267942583732,13.339712918660288,1.085516007339352,46.18182516542364,2.4956521739130433,0.0,0.04066314034500516,0.08068440980636812,0.5357795462906643,0.6035021622759827,157.523403728517,90.73827304922324,uci_cell0527_win00
66.8314606741573,45.369662921348315,25.01685393258427,10.098876404494382,34.73033707865169,18.287640449438204,2.1615127232031592,17.540876897418983,3.4728682170542635,0.0,0.0020269199976748926,0.0028514070215546806,0.42506984952950233,0.9812918693566054,111.5345047303936,66.45981769984742,uci_cell0548_win00
73.29064039408867,51.88054187192118,21.78448275862069,10.195812807881774,31.54064039408867,17.7192118226601,2.2007535040940964,27.550182429515502,6.923728813559322,0.0,0.0015597373047983648,0.0016242679260912963,0.6892199439348358,1.1298003592241255,124.74181880188728,71.24607399111265,uci_cell0549_win00
71.08551068883611,49.62826603325416,30.897862232779097,11.045130641330166,39.05581947743468,19.758907363420427,2.427735377249282,17.83245265961797,4.730337078651686,0.0,0.0019184756535713448,0.00378883335973135,0.3536779367038852,1.0042643671080276,94.78508417400673,67.22783295399675,uci_cell0550_win00
58.00596421471173,39.806163021868784,20.473161033797215,8.666003976143141,29.170974155069583,15.470178926441353,2.2850686039201933,38.488110360913524,2.654639175257732,0.0,0.04139344449175625,0.07318574003817899,0.6460854885207867,0.5871378285983397,99.36971992578246,56.93478496627055,uci_cell0551_win00
63.359872611464965,44.78450106157113,28.489384288747345,9.587048832271762,32.6411889596603,16.766454352441613,2.6077552126345696,15.240978283591488,2.3709273182957395,0.0,0.026961195209970496,0.04927267635306016,0.5788199775563603,0.5973420771746032,100.10300707715776,58.072314423840666,uci_cell0552_win00
66.65178571428571,46.588169642857146,29.667410714285715,10.040178571428571,35.762276785714285,17.743303571428573,2.486013229886581,14.158610255058681,2.9572368421052633,0.0,0.006929777868357718,0.010193633643683553,0.6045916235431351,0.7958698396181714,98.90621080199443,60.649909208165596,uci_cell0553_win00
67.37950450450451,47.843468468468465,32.25788288288288,10.438063063063064,37.820945945945944,17.945945945945947,2.636913449233873,17.75357006329712,3.951111111111111,0.0,0.0069730888986593844,0.005549757212935056,0.707322733739377,0.8972616608901262,109.56145122962391,61.87381913327414,uci_cell0554_win00
70.64852071005917,49.56449704142012,35.78934911242604,11.685207100591716,44.441420118343196,20.166863905325442,2.5171948675557574,25.118779181407007,5.5359477124183005,0.0,0.005089619233418052,0.0013554498136951663,0.6118616570116102,0.9976923953425931,111.82946846735378,65.49625748178784,uci_cell0555_win00
91.74885145482389,70.76569678407351,41.398162327718225,14.263399693721286,45.86830015313936,22.51301684532925,3.185066547690991,20.185084990745246,4.2064516129032254,0.0,0.012798010496507048,0.014777165938737303,0.661594231400119,0.8623358932806945,144.45135979372313,57.91449870535825,uci_cell0593_win00
86.97368421052632,66.51900584795321,37.4312865497076,13.419590643274853,40.634502923976605,21.255847953216374,3.168553605543873,42.49880204959416,6.754901960784314,0.0,0.006561626447019016,0.008780253220674201,0.6597331831066406,0.6642561791673022,151.8145549342916,60.420651787744056,uci_cell0597_win00
89.01190476190476,69.04910714285714,39.791666666666664,13.767857142857142,39.885416666666664,21.342261904761905,3.265924141121099,25.021612394449832,3.958823529411765,0.0,0.018884726605182003,0.01701866650352937,0.5049961974991565,0.7293486323250779,155.23931792121638,59.71463103434989,uci_cell0600_win00
83.12638888888888,54.17777777777778,31.366666666666667,11.070833333333333,46.53888888888889,22.4125,1.7841533847481912,18.545462127185306,5.677165354330708,85.9375,0.000281688395792996,0.000827378260097476,0.41187744103878127,1.0179969046405306,150.0540268561122,66.84949084898932,uci_cell0604_win00
83.78741258741259,54.131468531468535,39.29090909090909,16.436363636363637,55.86433566433566,28.144055944055943,1.868161075185409,20.18812524427278,4.890410958904109,0.0,0.004570533440966915,0.027372214510017895,0.3731770226098267,0.5004328368144888,100.50602780322698,55.10728502386521,uci_cell0625_win00
78.21018276762402,39.608355091383814,30.048302872062663,16.215404699738905,55.920365535248045,34.30548302872063,1.0060190800122357,45.170327178131686,11.25,242.1875,0.0030437422528807765,0.018211560619238586,0.1997290348240093,0.3603682547988865,98.87011168809167,56.71572513419065,uci_cell0627_win00
76.80678851174935,36.11618798955614,27.06005221932115,14.054830287206267,54.78328981723238,33.240208877284594,0.8529970636913886,36.51963021153988,7.58252427184466,0.0,0.0020937162417079625,0.020015423228253802,0.2176382686967004,0.32561629472141557,108.47406798401819,62.552599699468985,uci_cell0628_win00
74.4501246882793,46.00748129675811,33.61221945137157,13.577306733167083,48.97506234413965,24.16209476309227,1.6757289725028317,64.25875339664378,4.231578947368421,0.0,0.0005127745730145644,0.003734818974253504,0.21387851669052133,0.3633472658374962,111.11997516081313,65.70705656533586,uci_cell0635_win00
74.8125,44.19005102040816,32.90688775510204,14.269132653061224,49.713010204081634,25.271683673469386,1.531090245625547,72.37643217870475,7.207207207207207,0.0,0.025788321510489307,0.050014142029842217,0.3764270164595282,0.41553735077866993,114.62927073408876,69.49676939106838,uci_cell0639_win00
75.13682864450128,52.22506393861892,38.888746803069054,10.30306905370844,49.512787723785166,19.084398976982097,2.4355764601002807,54.55153802507449,2.962686567164179,0.0,0.021151524254185195,0.053018440226013284,0.46707360398935543,0.42281623723048495,113.82186129247945,61.63366797661903,uci_cell0646_win00
79.46987951807229,58.92235609103079,36.566265060240966,9.23293172690763,37.59036144578313,16.685408299866133,3.091032434292903,36.58412084184366,3.963157894736842,0.0,0.02044038400633353,0.0674774924008154,0.4943128875621233,0.4348316735071698,118.21993732051322,59.39817314403906,uci_cell0674_win00
77.08880308880309,57.23552123552123,21.24066924066924,8.137709137709138,28.53281853281853,15.018018018018019,3.159580932104159,24.013984877616576,6.216,0.0,0.0011064168988814572,0.00309076428892969,0.5634341705350288,0.9253599318790335,116.33836920233826,64.07315536767067,uci_cell0676_win00
76.04475703324808,56.26470588235294,24.234015345268542,8.052429667519181,28.67774936061381,14.809462915601022,3.157967108519255,57.35096059242036,4.164021164021164,0.0,0.06714816334657629,0.08700452928468351,0.40857888499207073,0.578991973500349,119.15559374630718,66.76308946255226,uci_cell0677_win00
110.23020257826887,68.69613259668509,31.69060773480663,17.147329650092082,42.89134438305709,26.279926335174952,2.232295728955161,30.449936899441052,4.414634146341464,0.0,0.006697878307625597,0.016392098419807672,0.63312050255229,0.6186169271922954,145.81122231734136,72.5515855153996,uci_cell0685_win00
110.23020257826887,68.69613259668509,31.69060773480663,17.147329650092082,42.89134438305709,26.279926335174952,2.232295728955161,30.449936899441052,4.414634146341464,0.0,0.006697878307625597,0.016392098419807672,0.63312050255229,0.6186169271922954,145.81131727740092,72.55163276486896,uci_cell0686_win00
112.36346516007534,69.24858757062147,33.16007532956686,18.175141242937855,43.32391713747646,26.694915254237287,2.368064334585346,49.3598423410904,6.409638554216867,0.0,0.005553722839248853,0.00934156363737389,0.6377842094790235,0.7027325962757333,144.56913160434868,72.62461775159797,uci_cell0687_win00
102.68041237113403,69.58934707903781,30.745704467353953,17.56529209621993,41.2852233676976,26.00171821305842,2.631877593265476,54.03160950521559,7.097560975609756,0.0,0.0016470767207371606,0.0036006199117523587,0.5519098454841496,0.6002994101698079,158.31245128433713,80.81085785381212,uci_cell0692_win00
102.00341880341881,67.98119658119658,30.834188034188035,17.89059829059829,41.37094017094017,25.98119658119658,2.6371132593332165,45.1244926147998,6.428571428571429,0.0,0.008693719916878315,0.025032805163869302,0.51381420304178,0.5889099194499535,158.82209983105412,81.1565311965397,uci_cell0693_win00
100.93760539629005,70.09443507588533,32.46711635750422,18.219224283305227,42.138279932546375,26.376053962900507,2.8469035448446585,47.00042860464131,7.589743589743589,0.0,0.002247932640434529,0.008182545434061998,0.535383940018903,0.6517005354262856,165.04071216252729,87.94221140161902,uci_cell0695_win00
102.38936535162951,70.75128644939966,37.16295025728988,19.97770154373928,45.9811320754717,28.727272727272727,2.7756385666993495,46.12924348503389,7.024096385542169,0.0,0.012437958786502942,0.03479349777655744,0.5276266626707385,0.6165516780342081,162.8792383024975,81.51797508872961,uci_cell0696_win00
91.92012288786482,66.85560675883256,37.757296466973884,18.172043010752688,47.05837173579109,29.56067588325653,2.7184604318428454,57.33456769457341,8.797297297297296,0.0,0.026635491111286973,0.08945095711752114,0.45805221249300476,0.4098111381245882,169.568103857478,85.02611302302205,uci_cell0698_win00
90.83308042488619,66.54779969650987,36.41578148710167,19.132018209408194,44.42640364188164,27.637329286798177,2.868886743249044,42.990957040295115,5.681034482758621,0.0,0.004389327042610212,0.012606405906813193,0.5586410984962258,0.6070661374998682,166.43452418695514,87.11870331285259,uci_cell0699_win00
